,Mean,MCSE,StdDev,5%,50%,95%,N_Eff,N_Eff/s,R_hat
lp__,-420.412,0.32074,4.81811,-428.927,-420.204,-413.159,225.656,0.754649,1.02428
