,max,min
alpha_sbj,6.74554,0.0308492
b_sbj,2.42049,0.0697215
k_1_sbj,8.24195,0.0155957
k_2_sbj,10.8592,0.529341
threshold_sbj_word,2.85294,0.710329
threshold_sbj_nonword,3.22755,0.901542
g_sbj,2.48714,4.4812e-07
m_sbj,2.38323,0.000832782
