,mean,std
alpha,0.5592357490500001,0.19160075074299154
b,0.5335582459375,0.12376711277609079
k_1,1.9391484474375,0.2937961435757865
k_2,2.5821878106250002,0.2763735866925879
threshold_word,0.8732556679375,0.043056637980274565
threshold_nonword,1.178983305625,0.05999028844385746
ndt,0.107569093455,0.051933907166742274
